Whitney_Richardson@guerrillamailblock.com,1Aa@<>12,100001100000001984,3v1h99amf5h05503hviiqs7is6,1540913882
Jessica_Johnson@guerrillamailblock.com,1Aa@<>12,100001100000001983,v3nfaak076mj8goah92b7pu3p1,1540913772
Rose_Walker@guerrillamailblock.com,1Aa@<>12,100001100000001982,b7lvru9f5qu445dkecgrnjjvg0,1540913656
Adrian_Powell@guerrillamailblock.com,1Aa@<>12,100001100000001981,r1b762f1tauqeuuvciij9hnh82,1540913581
Peter_Walker@guerrillamailblock.com,1Aa@<>12,100001100000001980,u45hhvkr5tv6egd1eusn4fitl0,1540913459
Brittney_Yates@guerrillamailblock.com,1Aa@<>12,100001100000001979,rqiigh7ti44mifo0uuu667e106,1540913334
Brian_Austin@guerrillamailblock.com,1Aa@<>12,100001100000001941,tgh6fij6adrprl0bp6u0t5k106,1540888430
Melissa_Burke@guerrillamailblock.com,1Aa@<>12QA,100001100000001528,o0vqfftd8dp66hf8bq0i6m55h6,1540024974
Michelle_Lowery@guerrillamailblock.com,1Aa@<>12QA,100001100000001526,bjro3jm3io8uiio3pn6t5d0im3,1540024812
Dawn_Rivera@guerrillamailblock.com,1Aa@<>12QA,100001100000001525,uovi73pbqq3ps2upto3i89k5o4,1540024732
