email,password,customer_id,sid_token,time_stamp,auth_token
"EMlCGRoMExWp@guerrillamailblock.com,1Aa@<>12,100001100000001763,3fculuntn0lkd4ar4313oo3ob4,1540383445,eyJhbGciOiJIUzUxMiIsInR5cCI6IkpXVCJ9.eyJlbWFpbCI6IkVNbENHUm9NRXhXcEBndWVycmlsbGFtYWlsYmxvY2suY29tIiwiZmlyc3ROYW1lIjoiUUF0ZXN0IiwibGFzdE5hbWUiOiJUZXN0UWEiLCJjdXN0b21lcklkIjoiMTAwMDAxMTAwMDAwMDAxNzYzIiwiZXhwIjoxNTQyOTc1ODc1LCJqdGkiOiIxMDAwMDExMDAwMDAwMDE3NjMifQ.OPQ8uRL_r9KmyJhXwfx_EPalMZkgJGMNr-5FHmGemkakysY6k2d8RmLuzVkJZO7vBG9vflZcu1KCF-sQomV2fg"
"CseKElonCicZ@guerrillamailblock.com,1Aa@<>12,100001100000001767,l6657nkcjlblrhi5vqss8ffta3,1540389627,eyJhbGciOiJIUzUxMiIsInR5cCI6IkpXVCJ9.eyJlbWFpbCI6IkNzZUtFbG9uQ2ljWkBndWVycmlsbGFtYWlsYmxvY2suY29tIiwiZmlyc3ROYW1lIjoiUUF0ZXN0IiwibGFzdE5hbWUiOiJUZXN0UWEiLCJjdXN0b21lcklkIjoiMTAwMDAxMTAwMDAwMDAxNzY3IiwiZXhwIjoxNTQyOTgxNjM0LCJqdGkiOiIxMDAwMDExMDAwMDAwMDE3NjcifQ.arE98w4K1ECsvB9S0bioyO3eBHj089eRwriOwH_zpP6p-qgHXQpfOBn3CjaNW2z-AV-LIEqLXxUdxsKl1EQaGg"
"sSOHDDRVOCNc@guerrillamailblock.com,1Aa@<>12,100001100000001809,o54rflk7s0e8bg5tcrubbk5f12,1540457769,eyJhbGciOiJIUzUxMiIsInR5cCI6IkpXVCJ9.eyJlbWFpbCI6InNTT0hERFJWT0NOY0BndWVycmlsbGFtYWlsYmxvY2suY29tIiwiZmlyc3ROYW1lIjoiUUF0ZXN0IiwibGFzdE5hbWUiOiJUZXN0UWEiLCJjdXN0b21lcklkIjoiMTAwMDAxMTAwMDAwMDAxODA5IiwiZXhwIjoxNTQzMDUwMTk4LCJqdGkiOiIxMDAwMDExMDAwMDAwMDE4MDkifQ.g2V5124qwbCHMMNVt5KYmgDoa67s9714Eq3xS2AKuJ9cda_AQSfwjzA4aigxbQpE3-AlbTQifAYlx6EAW0oBMA"
"KoxjEUdLtioD@guerrillamailblock.com,1Aa@<>12,100001100000001814,a95qpjnfu1afmk4l268b64jjb6,1540465314,eyJhbGciOiJIUzUxMiIsInR5cCI6IkpXVCJ9.eyJlbWFpbCI6IktveGpFVWRMdGlvREBndWVycmlsbGFtYWlsYmxvY2suY29tIiwiZmlyc3ROYW1lIjoiUUF0ZXN0IiwibGFzdE5hbWUiOiJUZXN0UWEiLCJjdXN0b21lcklkIjoiMTAwMDAxMTAwMDAwMDAxODE0IiwiZXhwIjoxNTQzMDU3NzQ3LCJqdGkiOiIxMDAwMDExMDAwMDAwMDE4MTQifQ.q60y8Lw9U-U8DK3Ukjf66ht4Wpa7qQ1MTCMFHrKCg57HWStvqnFznWYLTNyY3XsQyL2Ayte7WDCY4VnGmPCKaQ"
"bkgEFiMXQrEj@guerrillamailblock.com,1Aa@<>12,100001100000001821,8v6gdam4jeegmbk6hfka68vtg0,1540476899,eyJhbGciOiJIUzUxMiIsInR5cCI6IkpXVCJ9.eyJlbWFpbCI6ImJrZ0VGaU1YUXJFakBndWVycmlsbGFtYWlsYmxvY2suY29tIiwiZmlyc3ROYW1lIjoiUUF0ZXN0IiwibGFzdE5hbWUiOiJUZXN0UWEiLCJjdXN0b21lcklkIjoiMTAwMDAxMTAwMDAwMDAxODIxIiwiZXhwIjoxNTQzMDY5MzI5LCJqdGkiOiIxMDAwMDExMDAwMDAwMDE4MjEifQ.kHloO4UwCHC2FivIkrvxc17aJo3hYYlQtFKshl47JHfKO4VOoh9lTNiBKlaiewwmWvL3zHiESdQ9j3h9zDOW_A"
"nblyAnchdViz@guerrillamailblock.com,1Aa@<>12,100001100000001826,ppa1krle22704dgbt531fv9br1,1540713198,eyJhbGciOiJIUzUxMiIsInR5cCI6IkpXVCJ9.eyJlbWFpbCI6Im5ibHlBbmNoZFZpekBndWVycmlsbGFtYWlsYmxvY2suY29tIiwiZmlyc3ROYW1lIjoiUUF0ZXN0IiwibGFzdE5hbWUiOiJUZXN0UWEiLCJjdXN0b21lcklkIjoiMTAwMDAxMTAwMDAwMDAxODI2IiwiZXhwIjoxNTQzMzA1MzUxLCJqdGkiOiIxMDAwMDExMDAwMDAwMDE4MjYifQ.GXrzKfMvxD3Ni6qDEWmcUSJFbpk3aJ9O9CwQdKOTtnJ7CtkCztZ4tfZsLp6T7Ch_tCkcbvtVUTKxVT33Xlemxg"
"aHNbFIctVtsQ@guerrillamailblock.com,1Aa@<>12,100001100000001827,nqnfu88ioegvrc6a8e4cdb2n43,1540713614,eyJhbGciOiJIUzUxMiIsInR5cCI6IkpXVCJ9.eyJlbWFpbCI6ImFITmJGSWN0VnRzUUBndWVycmlsbGFtYWlsYmxvY2suY29tIiwiZmlyc3ROYW1lIjoiUUF0ZXN0IiwibGFzdE5hbWUiOiJUZXN0UWEiLCJjdXN0b21lcklkIjoiMTAwMDAxMTAwMDAwMDAxODI3IiwiZXhwIjoxNTQzMzA2MDQ3LCJqdGkiOiIxMDAwMDExMDAwMDAwMDE4MjcifQ.7_fcUPTeVgAFk7p21OesOtMJahXdTbq3g7XwASZMxldllmkIE8S-BOyNKyMqWT-mvAr5PcfImL7b6iKS4KRbAw"
"ucFpICaWNiHC@guerrillamailblock.com,1Aa@<>12,100001100000001871,qa731mq3ulnumb6qutthhklgs5,1540739184,eyJhbGciOiJIUzUxMiIsInR5cCI6IkpXVCJ9.eyJlbWFpbCI6InVjRnBJQ2FXTmlIQ0BndWVycmlsbGFtYWlsYmxvY2suY29tIiwiZmlyc3ROYW1lIjoiUUF0ZXN0IiwibGFzdE5hbWUiOiJUZXN0UWEiLCJjdXN0b21lcklkIjoiMTAwMDAxMTAwMDAwMDAxODcxIiwiZXhwIjoxNTQzMzMxNjE1LCJqdGkiOiIxMDAwMDExMDAwMDAwMDE4NzEifQ.YuolOKNYLOsj61iMENO0pFEZWsUdu-eA7tZ0NhzmjW1-dFPHM8XM8oM2M3U3GPFUl7p7yPqsE3w96uu4L-sLOA"
"XhnWzLurgDOx@guerrillamailblock.com,1Aa@<>12,100001100000001873,m5o33j0uka75caev9eoe2e4ee1,1540740044,eyJhbGciOiJIUzUxMiIsInR5cCI6IkpXVCJ9.eyJlbWFpbCI6Ilhobld6THVyZ0RPeEBndWVycmlsbGFtYWlsYmxvY2suY29tIiwiZmlyc3ROYW1lIjoiUUF0ZXN0IiwibGFzdE5hbWUiOiJUZXN0UWEiLCJjdXN0b21lcklkIjoiMTAwMDAxMTAwMDAwMDAxODczIiwiZXhwIjoxNTQzMzMyNDc2LCJqdGkiOiIxMDAwMDExMDAwMDAwMDE4NzMifQ.ehQRsSKe8AFM-oBnCbr195FNzXHqyXa_HVh58LRNLXFqc4IOdgi4__VF93PbuJmgAJ4V3oHmqKsIRkisCneZSw"
"MwcBRDYsDVLP@guerrillamailblock.com,1Aa@<>12,100001100000001875,rlrf40hsra421en2ghbvd9dq90,1540741490,eyJhbGciOiJIUzUxMiIsInR5cCI6IkpXVCJ9.eyJlbWFpbCI6Ik13Y0JSRFlzRFZMUEBndWVycmlsbGFtYWlsYmxvY2suY29tIiwiZmlyc3ROYW1lIjoiUUF0ZXN0IiwibGFzdE5hbWUiOiJUZXN0UWEiLCJjdXN0b21lcklkIjoiMTAwMDAxMTAwMDAwMDAxODc1IiwiZXhwIjoxNTQzMzMzOTIzLCJqdGkiOiIxMDAwMDExMDAwMDAwMDE4NzUifQ.F2JTmymRKazQCr556OHP010-eP6T_6TIDOpgMtgnZFBMYAlA6HmdSboCsBxM3NdUpC2qyVSitkUzF4VAjz1NKQ"
"qBfOMhxLoqmf@guerrillamailblock.com,1Aa@<>12,100001100000001876,om6v98r3dis7qb7sh6t9u52fq3,1540744054,eyJhbGciOiJIUzUxMiIsInR5cCI6IkpXVCJ9.eyJlbWFpbCI6InFCZk9NaHhMb3FtZkBndWVycmlsbGFtYWlsYmxvY2suY29tIiwiZmlyc3ROYW1lIjoiUUF0ZXN0IiwibGFzdE5hbWUiOiJUZXN0UWEiLCJjdXN0b21lcklkIjoiMTAwMDAxMTAwMDAwMDAxODc2IiwiZXhwIjoxNTQzMzM2NDg2LCJqdGkiOiIxMDAwMDExMDAwMDAwMDE4NzYifQ.fjaPPmyJKAXVW3f9RYxC4aHVv8119ImFBlTTHSu9a6OFyfyKSYLzAZi3DkDH6WCbZ8ZyTqWuKtuKIp_eyg0GzQ"
"pNglqvkaXcoP@guerrillamailblock.com,1Aa@<>12,100001100000001895,nhtmfgpokds5lcr361rf1icpl2,1540802439,eyJhbGciOiJIUzUxMiIsInR5cCI6IkpXVCJ9.eyJlbWFpbCI6InBOZ2xxdmthWGNvUEBndWVycmlsbGFtYWlsYmxvY2suY29tIiwiZmlyc3ROYW1lIjoiUUF0ZXN0IiwibGFzdE5hbWUiOiJUZXN0UWEiLCJjdXN0b21lcklkIjoiMTAwMDAxMTAwMDAwMDAxODk1IiwiZXhwIjoxNTQzMzk0ODcwLCJqdGkiOiIxMDAwMDExMDAwMDAwMDE4OTUifQ.Wv6xPD2yAn8CLoOLeaNH07DLdn_4Q-TdD5OuhT09-NHAq1fB58AK8UDi-4OiGo4nze1ZDbkhjNtB_KJQg8yjsQ"
"AUQuSyHNPfNe@guerrillamailblock.com,1Aa@<>12,100001100000001902,11l8luha4ab01kj9teq0nlp0l6,1540817297,eyJhbGciOiJIUzUxMiIsInR5cCI6IkpXVCJ9.eyJlbWFpbCI6IkFVUXVTeUhOUGZOZUBndWVycmlsbGFtYWlsYmxvY2suY29tIiwiZmlyc3ROYW1lIjoiUUF0ZXN0IiwibGFzdE5hbWUiOiJUZXN0UWEiLCJjdXN0b21lcklkIjoiMTAwMDAxMTAwMDAwMDAxOTAyIiwiZXhwIjoxNTQzNDA5NzI4LCJqdGkiOiIxMDAwMDExMDAwMDAwMDE5MDIifQ.ad6s5veSmRwxn0ytdZCvX2oBqEA1PwdTeFat22SN7_iGV8s71LDVKTh4XgqJwj9wN6mY10cRizgVK4fhksklJQ"
"tIEqAlcJKevR@guerrillamailblock.com,1Aa@<>12,100001100000001904,5bseers4jk617t8vgt9b1npuk7,1540818144,eyJhbGciOiJIUzUxMiIsInR5cCI6IkpXVCJ9.eyJlbWFpbCI6InRJRXFBbGNKS2V2UkBndWVycmlsbGFtYWlsYmxvY2suY29tIiwiZmlyc3ROYW1lIjoiUUF0ZXN0IiwibGFzdE5hbWUiOiJUZXN0UWEiLCJjdXN0b21lcklkIjoiMTAwMDAxMTAwMDAwMDAxOTA0IiwiZXhwIjoxNTQzNDEwNTc1LCJqdGkiOiIxMDAwMDExMDAwMDAwMDE5MDQifQ._0H5M2zq6g5TTiVMRRVSFr8Qood-8yTXTSuAcTI3gld2L-owrKg0ihWXb2X0TyRZEOO15rAIsgaFKMlP37QhUA"
"EUBADSrwSekr@guerrillamailblock.com,1Aa@<>12,100001100000001910,gc6h7hte5uldenltj1tp119mp7,1540820261,eyJhbGciOiJIUzUxMiIsInR5cCI6IkpXVCJ9.eyJlbWFpbCI6IkVVQkFEU3J3U2VrckBndWVycmlsbGFtYWlsYmxvY2suY29tIiwiZmlyc3ROYW1lIjoiUUF0ZXN0IiwibGFzdE5hbWUiOiJUZXN0UWEiLCJjdXN0b21lcklkIjoiMTAwMDAxMTAwMDAwMDAxOTEwIiwiZXhwIjoxNTQzNDEyNjkxLCJqdGkiOiIxMDAwMDExMDAwMDAwMDE5MTAifQ.KSnYVNAt4a8WIMmoF_r1H3R2nPKeJiMm5b3OvOku5RuvRaBEDkFQVW4dBm8kNC_rM9IcFpY1eTImK1tX2LSuxA"
"iAEUdBFGMtRF@guerrillamailblock.com,1Aa@<>12,100001100000001911,grtdju5eqk50iq25juvi8o47g5,1540821029,eyJhbGciOiJIUzUxMiIsInR5cCI6IkpXVCJ9.eyJlbWFpbCI6ImlBRVVkQkZHTXRSRkBndWVycmlsbGFtYWlsYmxvY2suY29tIiwiZmlyc3ROYW1lIjoiUUF0ZXN0IiwibGFzdE5hbWUiOiJUZXN0UWEiLCJjdXN0b21lcklkIjoiMTAwMDAxMTAwMDAwMDAxOTExIiwiZXhwIjoxNTQzNDEzNDYwLCJqdGkiOiIxMDAwMDExMDAwMDAwMDE5MTEifQ.VzEqaEyEZbS0RnQfAUW50xXYCZg3FqRf4qZEdFhcVJgSp3NQdp-q8lJlDINkInr5y7xWDf-BnsQVRxLFOnJCww"
"HNHxFVgHkjRR@guerrillamailblock.com,1Aa@<>12,100001100000001913,35trt3ku3vogdg17as08s8i157,1540823415,eyJhbGciOiJIUzUxMiIsInR5cCI6IkpXVCJ9.eyJlbWFpbCI6IkhOSHhGVmdIa2pSUkBndWVycmlsbGFtYWlsYmxvY2suY29tIiwiZmlyc3ROYW1lIjoiUUF0ZXN0IiwibGFzdE5hbWUiOiJUZXN0UWEiLCJjdXN0b21lcklkIjoiMTAwMDAxMTAwMDAwMDAxOTEzIiwiZXhwIjoxNTQzNDE1ODQ2LCJqdGkiOiIxMDAwMDExMDAwMDAwMDE5MTMifQ.imYaSQmYIhnzsXSBiPTDNr437D_ee9iHBLA-zcGk_beaqaNvG0Zc2oQRsMf6aV9q9MK5THbFAxrulwvwrxCtkw"
"gENPIYZcHRXa@guerrillamailblock.com,1Aa@<>12,100001100000002018,98huq8v35lj3a0ptgj0l2qdo30,1540971975,eyJhbGciOiJIUzUxMiIsInR5cCI6IkpXVCJ9.eyJlbWFpbCI6ImdFTlBJWVpjSFJYYUBndWVycmlsbGFtYWlsYmxvY2suY29tIiwiZmlyc3ROYW1lIjoiUUF0ZXN0IiwibGFzdE5hbWUiOiJUZXN0UWEiLCJjdXN0b21lcklkIjoiMTAwMDAxMTAwMDAwMDAyMDE4IiwiZXhwIjoxNTQzNTY0NDA2LCJqdGkiOiIxMDAwMDExMDAwMDAwMDIwMTgifQ.KJvY9xP_t93FdyYP-Pv-KmCyRIbEGLUWlwWAFOJOOuZiIp4hUzRFcIQn8OyKQWAIVBK1Cm6FdCRvpesEpdtaGg"
